ID,Name,Age,Gender,Income,Join_Date,Country,Marital_Status,Children,Spent
18,Madison Zuniga,,Female,"$49,640",02-06-2017,Usa,Single,3,657.36
860,Sheri Vasquez,,Female,"$39,447",21-10-2017,Usa,married,2,936.03
299,Stephanie English,,Female,,13-01-2022,United States,single,0,466.19
554,Bryan Dennis,,Male,"$30,898",23-04-2020,Uk,married,1,968.32
673,John Gilbert,,Male,39523,27-02-2018,United Kingdom,Single,0,182.68
393,Jennifer Stone,19,Male,"$67,355",27-12-2024,Uk,Married,3,840.57
28,Stephanie Nash,57,Male,"$40,610",21-07-2017,United States,single,3,115
232,Emily Walker,20,Female,"$79,076",25-09-2023,United States,Married,1,636.28
307,Melissa Mason,41,Female,76708,22-08-2022,Canada,married,1,122.77
707,Thomas Barnes,,Male,,01-07-2023,Uk,single,3,313.5
497,Dr. Lisa Rollins,58,Female,,14-11-2018,United Kingdom,Married,2,618.97
559,Andrea Rodriguez,,Male,30462,28-03-2019,India,married,0,576.26
785,Rachel Diaz,,Female,47259,02-05-2015,Canada,Married,0,519.36
240,James Dodson,,Female,,22-08-2022,United Kingdom,Married,1,453.77
579,Noah Farmer,53,Female,"$66,445",21-09-2020,Canada,single,2,169.73
56,Tara Smith,,Female,73290,26-03-2024,United States,married,2,279.08
907,Evan Lawson,,Female,"$76,389",25-04-2024,Uk,Married,3,450.36
176,Kelly Colon,65,Female,"$45,837",21-11-2021,Uk,Single,0,425.1
15,Johnathan Davidson,56,Female,"$69,385",19-05-2021,Canada,Single,0,565.07
78,Sean Nguyen Iii,57,Male,35240,19-04-2021,United States,single,0,335.83
32,Christopher Rose,18,Male,"$51,660",07-11-2024,Uk,Married,1,129.82
482,Michelle Brown,28,Female,"$77,642",05-03-2022,Canada,Single,2,106.28
311,Cathy Thompson,,Male,99106,15-06-2015,United States,Married,2,329.14
312,Thomas Jackson,29,Female,61742,27-12-2021,Uk,Single,2,933.69
884,Thomas Miller,63,Male,43779,27-11-2021,India,married,0,446.07
789,Sara Gibbs,52,Male,"$90,926",13-01-2024,United States,Married,2,604.12
46,Brian Jimenez,29,Male,"$77,835",13-12-2017,United Kingdom,single,2,889.89
104,Marc Johnson,62,Female,"$79,833",06-04-2024,Uk,Married,1,752.15
761,Jeremy Adams,,Female,43308,17-07-2024,United Kingdom,Married,3,394.7
2,Sandra Faulkner,,Female,"$92,950",23-05-2021,Uk,Single,1,165.56
824,David Blair,35,Female,"$55,810",13-05-2016,Canada,single,3,237.75
711,Thomas Williams,,Male,,02-07-2022,Usa,Married,2,927.83
615,Holly Johnson,24,Female,,06-04-2022,Canada,Married,0,989.55
791,Matthew Powers,41,Male,"$65,001",18-01-2017,United Kingdom,Single,3,883.06
409,Donna Brown,,Male,82592,12-03-2017,United Kingdom,Married,1,835.54
737,Lori Stewart,,Male,,07-10-2017,United Kingdom,Single,1,538.49
915,Daniel Cook,,Male,52081,21-03-2021,Uk,married,2,385.79
367,Gabriel Hunt,,Male,78931,27-02-2021,Canada,single,3,170.81
919,Joanne Brown,,Female,"$46,837",07-03-2019,Uk,married,3,132.3
268,Andrea Jacobs,,Male,,09-10-2018,Canada,single,2,553.19
231,Richard Brennan,42,Female,"$51,870",08-10-2023,Usa,married,3,562.51
372,John Lee,62,Male,,16-08-2018,United Kingdom,married,1,309.79
636,Angela Johnson,,Male,"$75,798",31-12-2024,Canada,single,1,311.52
699,Mr. Michael Norris,,Male,"$77,356",10-02-2019,Canada,married,0,587.43
252,Dr. Alexander Cummings,68,Female,,28-05-2015,Uk,Married,0,144.16
784,Katherine Thompson,61,Female,36171,01-03-2024,India,married,2,609.15
820,Ryan Johnson,,Female,,25-08-2023,Usa,single,3,370.64
142,Rachel Ortiz,,Female,"$34,349",19-06-2015,Canada,married,3,992.86
317,Gary Hendricks,46,Male,,26-01-2021,Uk,single,3,668.61
588,Peter Johnston,,Female,,23-04-2020,Usa,Married,1,730.1
332,Ethan Reyes,,Female,61827,11-07-2024,India,Married,2,493.34
296,Lauren Jackson,52,Male,"$66,998",20-03-2024,India,Single,0,198.52
263,Ryan Robbins,57,Male,,08-10-2022,Usa,married,3,913.59
433,Barry Williams,,Male,,29-07-2021,India,Married,1,769.7
863,Jake Foster Md,63,Male,86248,05-08-2024,United States,married,0,742.44
583,Kevin Collins,29,Female,"$57,871",02-06-2015,United States,Married,1,507.95
273,Shane Wilson,,Male,99722,17-09-2017,Canada,Single,0,729.26
271,Jonathon Morgan,47,Female,50528,24-10-2016,Canada,single,2,196.47
359,Kevin Bell,67,Male,"$56,386",19-06-2023,United Kingdom,married,3,776.01
320,Jennifer West,41,Female,"$84,483",07-06-2022,Uk,Married,1,394.44
570,James Fuller,19,Female,"$67,855",11-02-2022,India,Single,2,287.06
644,Miguel Brown,,Male,"$31,829",30-05-2023,Uk,single,1,670.76
143,Nancy Parks,,Male,"$66,649",06-01-2016,Canada,Married,1,992.64
203,Dr. Jacqueline Johnson Dds,52,Male,,01-01-2020,India,married,3,232.25
414,Mark Hines,48,Male,,01-03-2021,Uk,married,2,200.81
197,Karl Smith,62,Male,66135,26-05-2015,Usa,married,3,862.46
265,,,Male,91246,23-07-2021,United States,Single,0,142.54
532,Alexandria Gutierrez,,Male,"$34,881",09-03-2021,Canada,Married,2,386.18
253,David Woods,,Female,,13-09-2017,Uk,married,2,563.64
577,Miss Samantha Rowe,51,Female,,13-06-2019,Uk,married,3,684.4
739,Vanessa Sawyer,,Male,,23-03-2019,India,Married,1,307.14
300,Victoria Dudley,,Male,"$43,450",16-01-2022,United Kingdom,Married,1,660.57
741,Matthew Pope,19,Male,,01-09-2018,Canada,single,0,672.04
248,Mary Gray,43,Female,90671,25-09-2018,India,Married,1,667.13
927,Alexis Phillips,,Male,77089,07-05-2017,Uk,single,3,728.58
413,Robert Chapman,,Male,"$77,475",15-03-2021,United Kingdom,Married,1,496.2
390,Brenda Werner,23,Female,"$63,225",18-12-2020,Canada,single,1,762.29
797,Patrick Parks,,Male,"$86,915",08-07-2018,Uk,married,1,393.75
602,Kimberly Edwards,,Male,32353,12-01-2025,United Kingdom,single,1,798.07
655,Nicole Johnson,,Female,,23-04-2022,India,single,0,885.86
262,Madison Mitchell,,Male,"$40,147",20-01-2021,Uk,Single,0,616.44
457,Brooke Carroll,,Male,50974,04-12-2017,Uk,single,3,872.32
387,Jonathan Mahoney,,Male,"$44,777",26-02-2019,Canada,married,0,636.52
828,Edwin Carlson,61,Female,,20-02-2022,Canada,single,3,282.22
910,Kristen Perkins,58,Male,,06-09-2019,Usa,single,2,406.95
694,Christopher Davis,,Female,"$87,013",16-12-2018,Canada,Single,0,607.76
237,Christian Cantu,,Male,"$31,737",25-06-2018,Canada,married,0,675.58
502,Michelle Mullins,,Male,,05-07-2017,Canada,single,1,772.17
498,Courtney Smith,,Female,,20-11-2022,Canada,single,0,644.44
875,Timothy Hardy,50,Male,,09-09-2021,Usa,married,1,336.69
453,Joshua Cole,22,Male,"$47,292",30-12-2020,Canada,Married,3,675.29
495,Samuel Phelps,63,Male,"$48,310",06-10-2020,Canada,married,3,725.78
924,Richard Ross,67,Female,"$68,258",21-10-2024,Uk,Married,0,331.23
280,Michael Gonzales,31,Female,33335,18-11-2019,United States,married,0,273.77
639,Alexandra Boyd,34,Male,62985,21-12-2023,India,Married,3,459.15
486,Ruth Miranda,30,Male,,21-01-2023,Canada,Married,3,686.06
569,Frank Sanchez,,Male,"$55,254",17-06-2021,Canada,Married,3,452.88
109,Thomas Wallace,,Female,"$56,220",28-07-2022,Canada,married,0,306.11
368,Michael Weaver,49,Female,"$74,190",30-06-2020,Canada,married,3,617.8
645,David Hanson,,Female,"$61,072",10-04-2018,Uk,single,0,392.58
786,Donald Brown,34,Female,65008,06-06-2020,Uk,single,2,997.15
874,Cindy Clark,64,Female,58645,18-09-2021,United States,Married,1,431.92
66,Andrew Butler,,Male,86715,02-09-2023,Canada,Married,2,316.48
903,Bryan Cox,,Female,"$47,379",05-06-2019,India,Married,3,251.93
318,William Burgess,63,Female,82779,28-06-2023,Uk,Single,1,396.82
637,Audrey Clark,23,Female,,20-01-2017,Uk,Married,1,275.63
667,Roberta Baker,,Male,75287,27-12-2021,Uk,Single,0,541.07
790,Lindsay Watkins,,Male,"$94,814",18-06-2024,United States,single,0,826.91
470,Eric Mora,,Male,,29-11-2020,Canada,married,2,770.05
215,Dr. Elizabeth Gilmore,27,Female,52728,13-03-2021,Uk,married,1,771.46
98,Elizabeth Morgan,,Female,,27-04-2024,India,single,0,339.47
584,Sarah Forbes,65,Male,"$34,466",24-11-2020,Uk,married,2,582.69
467,Joseph Huang,,Male,32505,08-07-2020,Uk,married,3,134.27
524,Mitchell Gonzalez,51,Female,"$46,575",05-12-2017,Uk,Single,1,302.93
256,Marc Martin,33,Female,"$56,187",29-06-2018,Usa,Single,0,393.37
386,Justin Bennett,68,Male,,10-03-2025,United States,single,1,700.51
546,Dawn Cannon,31,Female,88042,22-01-2016,Canada,Married,2,617.79
383,Thomas Herrera,20,Male,89018,20-04-2023,Canada,married,2,834.27
490,Victoria Humphrey,,Male,94438,03-05-2020,Uk,Married,0,180.77
514,Zoe Morgan,,Female,,11-01-2023,Uk,married,0,868.64
781,Sean Garcia,50,Female,92039,07-04-2025,United Kingdom,married,0,827.79
905,Sean Lester,67,Female,"$98,595",04-12-2021,Uk,Single,2,276.58
123,Stacie Foster,,Female,,21-08-2023,United States,Single,0,503.16
947,Amber Ho,47,Female,"$65,952",19-11-2023,India,Married,1,912.71
61,Renee Chang,,Female,45205,07-08-2016,Canada,Single,1,299.41
845,Crystal Lee,56,Male,60451,17-01-2024,India,Single,1,896.38
373,Kelly Oliver,61,Female,97938,05-10-2019,United Kingdom,Married,2,588
284,Ann Shaw,24,Female,,22-05-2017,United States,married,1,985.91
940,Mrs. Rebecca Horn,,Male,89102,12-07-2020,Uk,married,2,640.77
609,Isaac Sosa,,Male,,03-12-2018,Uk,Married,3,764.19
496,Pamela Leonard,,Female,,04-06-2021,India,Single,1,444.79
631,Alyssa Chandler,36,Male,"$34,762",13-03-2019,United States,married,3,402.56
597,David Horton,67,Male,,18-01-2017,Canada,married,1,168.66
714,Mary Brown,28,Male,"$71,105",10-12-2022,Canada,married,2,488.84
754,Arthur Randolph,,Female,42613,19-01-2022,Canada,Married,0,752.05
625,Jonathan Sanders,,Male,39501,27-09-2018,Canada,married,0,753.62
313,Shannon Miller,,Male,"$76,823",06-04-2017,Usa,Single,3,969.31
9,Bobby Flores,,Male,"$41,727",26-02-2017,Canada,single,1,246.55
530,Laura Braun,,Male,,30-07-2024,Uk,Single,3,901.09
877,Tyler Hall,,Male,88299,02-04-2025,Canada,Single,0,208.86
102,Michael Gomez,,Male,"$99,053",04-01-2019,Canada,married,1,987.15
616,Donna Vaughn Md,,Male,,15-03-2019,Canada,single,3,557.29
521,Kevin Ramos,,Male,"$30,579",19-02-2024,India,single,3,128.62
250,Jesse Morgan,67,Female,,20-09-2021,United Kingdom,Married,2,956.13
279,Courtney Davis,,Female,"$43,214",02-02-2022,India,Married,3,667.1
425,Jason Mcintyre,,Male,,14-03-2021,Canada,married,2,286.4
385,Amanda Page,55,Female,58533,08-10-2016,Canada,Married,3,302.95
396,Jessica Carr,,Male,51946,12-08-2018,Canada,Married,0,550.64
55,Jenny Boyd,48,Female,79164,14-10-2023,Uk,Single,0,590.66
35,Paul Baird,37,Male,"$65,020",28-04-2017,Uk,married,2,261.24
272,Kevin Washington,19,Female,97751,17-06-2023,Canada,single,3,795.24
31,Latoya Barton,,Female,83441,21-05-2016,India,married,3,958.4
404,Anne Brown,,Male,59931,05-06-2020,India,married,0,479.21
758,Alan Reid,,Female,"$53,996",11-12-2018,Uk,single,3,701
568,Jessica Fletcher,,Male,"$47,352",06-11-2022,India,single,1,157.93
584,Sarah Forbes,65,Male,"$34,466",24-11-2020,Uk,married,2,582.69
458,James Boyd,,Male,"$78,607",20-06-2022,Uk,Married,1,487.47
363,Matthew Gross,42,Female,,02-04-2021,Canada,Married,0,921.47
861,Cameron Barr,,Female,,30-10-2023,Canada,Married,0,665.04
484,Jennifer Jackson,42,Male,77118,01-01-2023,United States,Married,3,951.64
581,Danielle Long,69,Female,,11-05-2017,Uk,Married,1,492.54
160,Brooke Rodriguez,57,Male,30850,18-07-2024,Canada,Married,2,338.68
689,Jill Cummings,59,Male,62168,05-12-2023,Uk,single,3,908.46
865,Chris Davenport,,Female,"$54,517",20-04-2016,United Kingdom,married,1,177.43
928,Megan Singleton,,Female,35973,07-05-2023,Uk,Single,2,705.49
379,Brianna Romero,,Female,63108,02-08-2016,United Kingdom,Single,2,517.53
321,Ashley Lopez,36,Female,84114,04-07-2023,Uk,Single,3,208.65
943,Christopher King,,Male,97613,09-09-2020,Uk,Married,1,393.79
352,Felicia Moore,18,Male,"$64,125",03-10-2022,United States,Single,2,238.81
419,Andrea Braun,57,Female,89175,22-09-2024,India,single,2,462.35
946,Tiffany Carey,,Female,76550,17-08-2018,Canada,Single,3,124.45
796,,,Male,,28-01-2017,United Kingdom,single,0,714.23
146,Blake Pennington,43,Female,49487,31-01-2023,United States,married,2,336.44
827,Carolyn Lee,,Female,88085,19-10-2015,Uk,single,0,132.88
493,Robert Perez,26,Female,,06-10-2017,United States,Married,3,638.94
752,Mr. Alexander Burton,42,Female,93955,11-12-2024,Canada,married,3,470.88
241,Dennis Swanson,31,Male,"$88,446",30-06-2021,Canada,married,0,218.09
649,Haley Villarreal,19,Female,86446,21-11-2022,United States,Single,3,965.82
887,Jason Jimenez,30,Female,"$46,277",08-01-2023,Usa,married,3,516.91
145,Ryan Hoover,30,Female,"$64,250",02-07-2019,Canada,Single,0,549.78
768,Allison Vargas,,Female,,21-04-2016,United Kingdom,single,1,616.31
593,Norma Sims,38,Male,31473,30-07-2016,Canada,Single,3,151.09
468,Austin Morgan,,Male,89360,24-04-2023,Uk,single,2,478.02
316,Amy Merritt,,Female,"$38,728",10-08-2017,United Kingdom,married,2,714.6
358,Eric Navarro Iii,,Male,"$51,859",15-08-2017,Canada,single,0,655.69
923,Thomas Ibarra,49,Female,32071,10-04-2018,Canada,single,3,248.62
718,Elizabeth Wright,68,Female,96130,12-06-2016,Canada,Single,0,585.7
459,Bryan Jacobs Iii,50,Male,39346,08-09-2021,India,married,2,858.41
774,Brittany Kramer,31,Female,34586,19-10-2018,Uk,Single,0,913.18
205,Alyssa Fisher,,Male,"$72,222",01-09-2022,United States,single,3,705.46
835,Anna Robinson,43,Male,,03-02-2017,Uk,single,2,810.65
833,William Thompson,23,Male,,19-12-2019,Uk,Single,3,288.3
436,Mary Harris,,Male,,02-01-2017,Uk,Married,0,810.97
6,Debbie Trujillo,53,Male,"$87,146",17-07-2015,India,single,1,153.96
770,Joshua Baker,,Female,"$93,301",25-12-2022,Usa,single,1,978.81
680,Travis Riley,24,Male,"$32,580",15-09-2015,Uk,married,0,691.01
723,Anthony Gill,39,Male,"$34,825",12-04-2019,Canada,Single,0,390.78
216,Traci Forbes,26,Male,"$42,128",03-12-2017,Canada,married,2,216.32
654,Robert Hubbard,,Female,"$84,005",16-07-2015,India,Single,1,217.06
151,Nathan Powell,,Male,,28-09-2023,Canada,married,1,112.07
688,Mark Ramos,46,Male,,19-01-2016,United Kingdom,married,1,665.45
501,Evelyn Lambert,23,Female,"$91,174",02-03-2022,Canada,Single,3,764.92
333,Benjamin Robinson,,Female,,06-02-2022,Canada,single,0,652.97
479,Emily Chase,,Male,"$76,887",30-04-2015,India,single,2,371.61
818,Michelle Stephens,46,Male,,20-10-2023,Canada,married,0,971.93
621,Alan Mitchell,,Female,32080,21-01-2019,United Kingdom,married,3,333.05
815,Dr. Deborah Taylor,60,Female,88916,12-07-2019,Uk,single,0,803.52
517,Alexander York,27,Male,32550,20-06-2022,Usa,married,1,353.85
519,Timothy Ward,,Female,,14-09-2016,United States,married,3,842.21
941,Isaiah Barnes,65,Female,,08-08-2020,United Kingdom,married,2,480.7
114,Michael Lewis Iii,,Female,,12-03-2016,United Kingdom,Married,0,573.72
613,Randy Brooks,37,Male,42118,29-10-2017,India,married,1,272.68
38,Maria Wilson,69,Male,,14-08-2015,India,Single,2,208.25
895,Daniel Grant,55,Female,,27-01-2021,United States,Married,3,933.95
896,Brandon Brown,,Female,42714,01-05-2024,Canada,single,3,696.81
365,James Finley,,Female,"$51,840",28-08-2017,India,Single,0,997.26
159,Jessica Dodson,25,Female,"$72,596",05-04-2018,Usa,single,0,424.73
155,Heather Hendricks,36,Female,,02-04-2025,Uk,married,1,230.67
41,Eddie Taylor,67,Female,,02-12-2019,Uk,married,0,217.24
586,Maxwell Smith,,Male,,22-01-2024,United Kingdom,single,0,806.33
806,Angela Gomez,51,Female,69477,08-12-2020,Uk,Married,0,221.84
593,Norma Sims,38,Male,31473,30-07-2016,Canada,Single,3,151.09
381,Dwayne Stanley,43,Female,,02-07-2018,Uk,married,2,371.62
267,Tonya Barnett,,Female,"$69,930",01-05-2024,Uk,married,2,876.94
407,Christopher Cole,,Female,"$82,187",14-02-2017,Uk,single,3,123.96
295,Mindy Schaefer,,Female,,29-06-2017,United Kingdom,single,0,966.36
605,Andrew Ferguson,,Female,62562,21-08-2016,Usa,Married,2,234.74
523,Rebecca Cain Md,,Male,,27-03-2021,India,married,2,608.2
19,Laura Myers,,Male,91207,03-12-2015,Canada,Married,0,716.48
426,Jeremiah Jones,,Female,,26-03-2019,India,Single,0,372.18
528,Leah Williams,53,Male,,06-06-2024,India,married,0,375.83
309,Deanna Turner,,Male,"$83,788",03-09-2019,Canada,Married,2,500.25
623,Stephanie Price,,Female,,12-06-2021,Usa,single,0,867.45
795,Connor Castillo,37,Female,"$97,248",10-01-2016,Uk,Married,2,337.19
63,Rebecca Sandoval,,Female,"$77,993",12-06-2020,Uk,single,0,264.46
80,Daniel Nunez,21,Male,,31-07-2021,Uk,single,1,985.96
681,Mary Wood,59,Male,,07-02-2020,Uk,married,2,999.49
194,Caitlyn Maxwell,68,Male,42266,16-09-2015,United Kingdom,Married,3,482.59
751,Darin Bauer,39,Male,,01-11-2015,Uk,Single,0,419.59
182,Robert Miller,,Female,"$43,305",26-12-2022,United States,single,2,294.17
536,Christopher Robinson,64,Female,,16-08-2024,Uk,Single,1,513.04
485,Jennifer Orozco,41,Male,,26-04-2018,India,Single,1,255.01
201,Heather Davis,,Male,"$44,061",26-04-2023,Usa,Married,2,176.77
365,James Finley,,Female,"$51,840",28-08-2017,India,Single,0,997.26
391,Jeanette Johnson,62,Female,80933,01-06-2019,United States,married,1,769.96
463,Kevin Johnson,69,Female,79231,09-05-2021,United Kingdom,Married,3,890.1
357,Clinton Bean,,Male,"$87,314",07-07-2017,Usa,single,3,801.54
3,Charles Davis,66,Female,"$83,028",12-05-2024,Usa,single,2,228.44
479,Emily Chase,,Male,"$76,887",30-04-2015,India,single,2,371.61
696,John Wright,69,Female,,30-01-2020,Canada,married,1,184.47
254,John Frederick,,Female,65515,31-10-2017,Uk,Married,1,291.97
668,Rachel Perry,,Male,"$85,186",20-12-2020,Canada,single,0,361.94
86,Jennifer Park,67,Male,71853,14-06-2022,United States,single,3,618.36
902,Elizabeth Wallace,21,Female,82080,06-02-2017,Uk,Married,2,320.41
76,Jennifer Miller,45,Male,50215,27-12-2016,Canada,married,3,346.95
787,Brittany Vargas,43,Female,81464,19-01-2018,Canada,Married,3,903.62
659,Katherine Scott,35,Male,63586,24-08-2024,Uk,single,1,539.92
466,Miranda Braun,31,Male,"$47,500",25-01-2016,United Kingdom,Single,1,285.64
921,Ann Wilson,70,Male,,07-12-2019,India,single,2,334.88
39,Michael Grant,55,Female,"$70,299",15-12-2024,Canada,Married,0,413.36
945,Katelyn Mosley,,Male,78885,03-09-2019,United Kingdom,Single,0,818.74
726,Willie Cox,,Female,37967,04-06-2015,Uk,Married,2,438.39
437,Mitchell Griffin,25,Female,73134,28-02-2018,United Kingdom,married,1,412.66
141,Cindy Graham,22,Male,"$91,720",24-04-2018,United States,single,1,921.94
819,Tanya Hampton,19,Male,,07-01-2016,India,Single,0,749.54
603,Christopher Baker Jr.,,Male,94931,30-04-2020,United States,married,1,117.95
746,Laura Rocha,31,Male,"$33,657",15-11-2021,Uk,married,0,824.04
472,Adam Webster,,Female,,11-03-2022,Uk,Single,0,155.48
343,Jeffrey Hammond,,Female,,17-12-2021,Usa,married,0,203.45
417,Sabrina White,29,Male,30257,30-11-2021,Canada,single,2,490.04
712,Daniel Adams,,Female,,12-08-2015,India,Single,1,577.55
558,Emily Thomas,,Male,,15-04-2022,United States,Married,0,781
51,,36,Male,"$59,017",04-04-2017,Canada,married,3,109.04
163,Matthew Bradshaw,46,Female,,14-03-2023,Canada,married,3,444.32
766,Sarah Mcclure,,Male,,16-01-2023,Usa,Married,3,418.75
857,Jesse Huerta,30,Male,"$55,243",26-12-2024,India,married,3,291.58
868,Eric Sullivan,,Male,,22-07-2016,India,married,1,794.94
525,David Lutz,,Female,,16-03-2022,Uk,married,3,495.29
444,Matthew Li,,Female,"$89,265",15-09-2018,Uk,Married,0,920.85
173,Mitchell Powers,31,Male,"$80,594",26-08-2020,Canada,married,1,667.3
265,,,Male,91246,23-07-2021,United States,Single,0,142.54
331,Daniel Hayes,49,Male,,04-04-2024,Canada,Married,3,692.4
353,Jennifer Hendricks,,Female,"$55,604",06-09-2021,India,married,2,588.07
858,Ryan Taylor,,Female,44496,25-05-2024,India,Single,0,185.84
767,Jennifer Johnson,40,Female,,07-07-2024,Usa,Married,1,384.68
40,Stephanie Bowman,33,Female,52376,02-11-2018,United Kingdom,married,0,750.48
853,Natasha Barrett,61,Male,"$99,050",09-02-2025,Usa,married,3,725.41
876,Jessica Mercado,,Male,42766,05-07-2022,Canada,single,0,256.81
157,Jamie Jordan Jr.,53,Male,81226,11-09-2017,United States,married,1,236.32
223,James Mcclure,,Male,,06-09-2021,Uk,single,0,661.67
642,Brian Campbell,43,Female,53575,03-01-2025,India,married,1,642.92
211,Billy Page,,Female,"$64,451",27-07-2024,Uk,married,3,731.01
747,Daniel Martin,43,Female,,01-03-2023,Canada,married,1,578.02
382,Charles Armstrong,45,Female,71740,15-04-2017,India,single,3,720.9
701,Patricia Jones,,Male,"$34,866",23-09-2023,Canada,married,1,790.26
168,Tanya Walters,,Male,,12-05-2021,Uk,single,0,160.41
317,Gary Hendricks,46,Male,,26-01-2021,Uk,single,3,668.61
34,Bianca Smith,,Male,,28-05-2022,Uk,Single,0,482.99
492,Joseph Rice,,Male,"$37,238",16-11-2024,Uk,Single,1,161.75
11,Brandon Yates,,Male,"$77,348",03-02-2025,India,married,1,875.6
106,Aaron Nelson,56,Female,"$71,241",11-09-2017,Uk,Single,2,437.9
69,Richard Waters,,Female,"$48,980",10-03-2017,United Kingdom,Married,0,104.4
480,Justin Alvarez,,Female,,20-09-2019,Uk,Married,3,118.59
400,Nathan Lee,29,Male,"$55,413",22-07-2019,Uk,single,1,303.94
435,Alicia Newton,19,Male,"$48,741",30-05-2016,United States,Married,0,120.92
259,Laura Lewis,,Female,"$69,000",23-10-2022,Uk,married,1,592.77
828,Edwin Carlson,61,Female,,20-02-2022,Canada,single,3,282.22
885,Amy Carney,,Male,"$83,976",14-05-2020,United States,Single,2,298.64
305,Taylor Foley,,Male,"$52,285",05-06-2020,India,single,2,151.26
812,Melissa Roman,,Female,38345,08-06-2018,Canada,single,1,643.44
939,Robert Rodriguez,38,Female,,05-07-2022,India,Married,2,255.6
925,Jimmy Perkins,,Female,"$81,451",30-11-2015,India,Married,1,880.63
527,Fred Chavez,28,Male,,16-10-2024,United States,married,1,468.08
21,Lisa Huff,,Male,"$30,216",28-06-2016,India,Married,2,670.63
906,Tonya Reyes,30,Female,,21-06-2016,Usa,married,2,646.28
381,Dwayne Stanley,43,Female,,02-07-2018,Uk,married,2,371.62
421,Edward Duran,,Male,,15-02-2020,United States,single,0,135.7
286,Debra Pitts,,Male,,15-08-2024,Uk,Married,0,243.35
72,Jill Sherman,20,Male,"$63,993",14-05-2021,Usa,single,3,323.89
50,Zachary Richards,,Female,54023,26-07-2018,Uk,single,0,261.35
180,Richard Carr,52,Male,72784,05-01-2018,United States,Single,0,580.56
507,Ian Garcia,,Female,"$66,050",09-06-2017,Uk,Married,1,298.31
930,Jennifer Fernandez,,Male,89886,18-08-2020,Uk,Single,1,971.18
117,Stephanie Scott,23,Female,59880,21-01-2016,India,single,0,404.22
294,Charlotte Bird,,Male,,23-07-2024,Canada,Married,0,423.99
77,Christopher Blevins,,Female,,25-10-2015,Canada,single,3,796.43
49,John Richards,48,Male,40889,21-09-2016,India,single,2,484.1
504,Carla Bond,,Male,,10-07-2019,Uk,married,0,476.05
264,Daniel Wilson,,Male,"$40,499",13-12-2017,Usa,Single,3,494.97
809,Holly Clark,40,Female,"$45,629",07-07-2018,Canada,single,0,781.78
864,Barbara Luna,,Male,"$48,705",06-10-2016,Canada,Married,0,313.41
749,Matthew Barr,30,Female,,22-07-2024,United States,single,0,431.05
65,Amy Davidson,44,Male,,25-12-2020,Canada,Married,3,693.53
799,Brian Warren,,Female,,26-01-2017,United States,Married,0,177.05
53,Rebecca Hanson Md,,Male,88915,15-06-2021,India,married,1,394.55
441,Brittany Sullivan,43,Female,"$96,396",21-04-2021,Uk,Married,2,517.69
125,Lisa Mccormick,19,Male,,26-10-2022,Canada,Single,1,473.09
651,Robert Simmons,,Female,,13-01-2025,Canada,Married,1,651.12
410,David Gallegos,30,Male,31483,26-02-2018,India,Married,1,426.05
753,Rachel Ferguson,,Male,"$65,255",25-09-2022,United States,single,0,772.59
326,Michele Russell,59,Female,39620,19-11-2022,India,Single,0,691.73
478,Henry Reeves,,Female,,19-03-2017,Uk,married,0,113.53
119,Janice Olson,47,Male,90539,22-01-2016,India,Single,2,605
13,Bianca Hernandez,,Female,"$91,659",16-12-2021,Canada,married,2,367.07
158,Timothy Fry,24,Male,,30-06-2016,Canada,married,2,704.05
338,Jordan Villegas,,Female,"$78,249",30-12-2024,United States,married,1,948.26
128,Barbara Brewer,,Female,"$97,018",27-11-2024,Uk,married,3,902.38
47,Lori Bennett,,Male,,28-09-2016,Canada,married,2,201.57
236,Ian Morales,,Male,97229,04-04-2020,Canada,single,3,325.19
539,Lorraine Monroe,54,Female,57771,21-01-2021,Canada,single,0,199.33
242,Troy Smith,18,Female,,24-05-2024,Uk,Single,3,924.21
591,Heather Atkins,,Male,,09-04-2016,Uk,Single,3,205.73
359,Kevin Bell,67,Male,"$56,386",19-06-2023,United Kingdom,married,3,776.01
787,Brittany Vargas,43,Female,81464,19-01-2018,Canada,Married,3,903.62
849,Daniel Walker,60,Male,,02-06-2023,India,married,0,238.76
793,Ronald Sims,,Female,,14-07-2015,Uk,married,1,585.92
326,Michele Russell,59,Female,39620,19-11-2022,India,Single,0,691.73
900,Bryan Thomas,62,Female,68509,17-11-2015,Uk,single,2,526.03
810,Daniel Gomez,25,Male,44135,28-05-2024,India,married,1,847.49
351,Melissa Barnes,51,Male,,24-08-2020,Usa,Married,1,631.44
364,Joshua Costa,,Female,46648,23-12-2021,United Kingdom,Married,2,562.33
18,Madison Zuniga,,Female,"$49,640",02-06-2017,Usa,Single,3,657.36
187,Steven Avila,,Female,41195,07-01-2023,Canada,married,0,653.02
403,Robert Trevino,,Female,47175,05-05-2019,United States,married,2,672.01
339,Derrick Webb,19,Female,,29-04-2015,Canada,Married,3,472.54
207,Jacob Thomas,,Female,90985,20-03-2016,Canada,Single,0,328.16
378,Cynthia Smith,,Female,"$45,909",07-08-2021,United States,Married,2,922.5
346,Brianna Sanchez,46,Female,,31-08-2024,Uk,married,2,734.01
314,Joseph Gomez,,Male,52003,25-08-2018,United States,Married,0,468.4
243,Lisa Gaines,,Female,"$59,989",26-03-2023,Canada,single,1,535.95
914,Aimee Garcia,,Male,"$36,722",14-11-2023,Usa,Single,3,822.82
171,Keith Elliott,53,Male,"$86,751",27-01-2022,Usa,married,1,710.88
188,Jesse Baker,61,Female,84952,21-05-2021,Uk,Married,3,433.16
935,Brittany Frank,,Male,,10-08-2020,United Kingdom,Married,3,345.95
134,Brandi Jimenez,,Male,"$78,880",29-09-2015,India,single,2,434.06
302,Michael Prince,45,Female,"$62,533",22-12-2023,Uk,Single,1,753.06
732,Stephen Mcconnell,,Female,,24-11-2021,Uk,married,1,348.25
671,Paul Tucker,,Male,73522,19-11-2019,Canada,married,1,467.89
319,Angela Brock,,Male,,18-02-2017,United States,single,2,200.52
79,Haley Thompson,31,Female,,02-07-2016,Canada,single,1,805.72
522,Ryan Liu,51,Female,"$75,667",22-07-2015,Uk,Married,3,716.77
347,Linda English,,Male,82525,14-10-2018,United Kingdom,Married,2,530.38
199,Jamie Johnson,31,Female,"$61,891",18-12-2020,Canada,Single,0,693.54
866,Joseph Castillo,,Female,,29-09-2015,Uk,Single,2,724.42
549,Dennis Rodriguez,40,Female,"$41,145",05-04-2019,India,Married,3,859.15
916,David Murillo,,Male,"$91,684",27-04-2022,Canada,married,1,104.83
589,Jesus Cervantes,,Female,63880,14-01-2020,Canada,Single,0,146.79
448,Amber Pollard,,Male,59553,31-12-2020,United Kingdom,Married,2,921.62
22,Christopher Gordon,,Female,,21-12-2015,Uk,Married,0,814.02
725,Thomas Adams,32,Female,,14-05-2016,Uk,Single,0,260.11
719,Shawn Romero,34,Female,99987,17-08-2021,United States,single,0,352.57
251,Gabriela Short,,Male,"$58,727",11-04-2019,United States,married,3,643.08
244,Lisa Perry,43,Female,,25-04-2018,Canada,single,1,776.53
572,Thomas Carter,,Male,38819,01-12-2024,United States,married,2,377.47
36,Christina Turner,22,Female,,02-01-2017,United States,Single,3,838.51
82,Michael Scott,,Female,33197,04-11-2018,India,Single,1,549.19
160,Brooke Rodriguez,57,Male,30850,18-07-2024,Canada,Married,2,338.68
334,Briana Johnson,49,Male,72338,10-04-2017,Uk,single,0,323
838,Krista Glenn,,Male,"$50,079",14-05-2023,Canada,Single,0,754.67
475,Jack Marsh,,Female,"$62,430",23-02-2021,Uk,single,1,115.42
672,Adam Love,60,Female,,26-10-2022,Uk,Single,0,483.09
110,Rebecca Gonzales,,Male,,24-02-2016,Uk,Single,2,979.5
662,Elizabeth Nichols,30,Male,"$67,224",20-06-2020,United States,single,1,582.47
380,Edward Terry,59,Female,"$63,556",06-01-2022,Uk,Single,2,583.15
626,Todd Johnson Dvm,67,Female,,05-04-2024,Canada,Married,0,345.09
604,Anthony Ware,40,Female,"$74,322",22-11-2024,Canada,single,0,356.7
93,Michael Montgomery,,Female,,01-04-2017,Canada,single,3,850.83
452,Cynthia Dunn,39,Male,"$97,465",01-09-2018,United States,Married,3,960.3
653,Janet Fisher,64,Female,,13-05-2016,United States,Single,2,801.65
823,Brandon Wheeler,,Female,76919,04-11-2017,Usa,Single,2,958.19
856,Melissa Cameron,,Female,,04-02-2018,Uk,Married,0,653.34
391,Jeanette Johnson,62,Female,80933,01-06-2019,United States,married,1,769.96
578,Brian Burke,,Female,,04-01-2023,India,Married,0,710.73
486,Ruth Miranda,30,Male,,21-01-2023,Canada,Married,3,686.06
423,Mr. Aaron Graham,24,Female,,02-02-2022,Canada,Married,3,489.6
212,Christian Martin,,Male,,22-10-2015,Usa,Single,0,857.45
172,Joseph Williams,34,Female,92709,05-12-2024,Uk,Married,2,215.56
166,Denise Duffy,50,Male,"$62,675",04-12-2022,United Kingdom,Married,1,403.03
239,Kathryn Tucker,46,Male,77810,01-05-2015,Usa,Married,0,498.87
189,Gregory Thompson,,Male,,25-01-2023,India,single,1,501.18
686,Benjamin Garcia,,Male,"$72,278",11-06-2018,United Kingdom,Single,1,862.91
804,Rodney Patterson,,Male,"$73,405",08-08-2016,United Kingdom,Married,1,810.48
345,,40,Male,"$73,981",17-01-2021,Uk,single,2,109.78
742,Douglas Gregory,,Female,"$36,908",07-02-2018,Canada,Single,1,472.78
454,Alice Cox,42,Female,,19-06-2023,United Kingdom,single,2,807.03
647,Maureen Morrison,,Female,,08-04-2021,Canada,Single,0,377.78
831,Ryan Ray,58,Female,,23-08-2019,United States,Married,3,161.19
156,Krystal Farley,44,Male,"$40,803",24-06-2021,India,Married,0,615.62
488,Dr. Austin Moon Md,40,Female,31639,29-12-2016,India,married,3,240.65
598,Brian Brown,,Male,98087,09-03-2025,United States,Single,1,551.48
361,Natalie Lowe,57,Female,72716,19-06-2017,India,married,1,129.32
126,Debbie Hall,22,Male,34509,25-12-2016,Canada,married,3,272.07
67,Logan Hughes,,Female,"$30,499",07-02-2016,Usa,Married,3,728
909,Sandra Guzman,20,Female,73917,20-03-2018,Uk,single,0,688.19
512,John Snyder,,Male,,29-10-2021,Canada,Single,2,449.39
225,Jordan Pierce,,Male,"$82,799",25-10-2019,Uk,Married,1,524.6
269,Heather Miller,37,Male,,12-09-2015,Uk,married,3,205.41
162,Wanda Lee,,Male,66281,01-01-2024,Uk,single,1,934.37
814,Margaret Collins,,Female,"$77,500",14-02-2016,Canada,Single,0,397.99
619,Calvin Smith,,Female,55075,19-06-2023,Canada,married,1,446.38
677,David Harper,31,Female,"$80,104",10-10-2016,Canada,Single,0,129.65
179,Mark Thompson,28,Female,,16-11-2015,Canada,married,3,134.42
656,Bryan Moore,,Male,,09-07-2023,Uk,Married,2,159.06
416,Richard Warner,64,Female,62911,13-01-2017,Canada,Married,3,204.4
101,Brenda Martinez,,Female,"$47,607",06-04-2023,United Kingdom,single,1,274.72
734,Samuel Gray,68,Female,77221,16-05-2016,India,single,2,789.23
690,Michelle Ho,58,Male,,22-10-2018,Canada,Married,2,155.67
230,Andrew Sullivan,68,Female,,14-02-2017,Uk,Single,0,152.65
335,Eric Mays,,Male,,30-03-2023,United Kingdom,married,3,556.51
628,Gregory Marks,28,Male,,30-01-2017,Uk,Married,1,710.99
703,Scott Garrett,36,Female,,30-08-2016,Canada,married,2,220.6
879,Lisa Wilkins,,Female,,10-08-2024,Uk,Married,2,756.79
483,Anna Miller,,Female,"$50,563",30-12-2016,Uk,Married,0,829.62
920,Brian Henry,,Female,"$89,265",01-03-2025,United States,single,3,201.48
221,Angela Gates,55,Male,,06-02-2024,Usa,Single,2,228.48
392,Brianna Salas,,Male,,03-01-2023,Canada,single,1,451.79
913,Paul Oconnor,,Female,36397,14-08-2020,United States,single,2,798.72
428,Amanda Banks,,Female,75982,07-05-2018,India,Married,0,568.24
310,Benjamin Harris,70,Male,,26-12-2018,Canada,married,1,183.66
776,Gregory Meza,38,Female,,28-03-2020,Uk,Single,3,339.82
886,Troy Mitchell,19,Male,"$77,914",11-07-2018,Uk,Single,3,640.31
16,Mr. Ryan Sanchez,,Male,"$65,793",17-04-2017,Uk,single,1,634.89
494,,,Male,"$65,619",02-07-2023,Usa,Married,0,671.74
246,Debra Aguilar,67,Male,"$48,359",21-07-2021,Uk,married,0,800.73
899,Jeffrey Pitts,32,Female,"$50,675",27-12-2023,India,Single,0,897.33
7,Rachel Garrett,65,Male,"$71,671",14-06-2019,Uk,Married,0,134.85
614,Daniel Moore,45,Male,"$87,383",25-07-2022,United Kingdom,Married,3,681.68
534,Robert Hudson,64,Female,"$89,929",17-05-2015,United States,single,1,781.54
398,Jared Franklin,,Female,,01-11-2018,Uk,Married,0,893.81
722,Andrew Hall,,Male,44954,15-11-2020,Canada,Married,0,560.02
859,,,Male,77976,13-04-2022,United Kingdom,Married,0,807.6
692,Joan Smith,18,Male,49900,22-09-2022,Uk,single,2,906.04
105,Melissa Miller,,Female,"$36,866",09-01-2022,Uk,Married,3,821.08
304,Elizabeth May,,Male,,13-08-2019,Uk,Single,0,702.59
550,,18,Female,"$46,518",28-05-2019,Usa,married,3,206.89
730,Stephanie Bell,,Female,98976,17-08-2020,Uk,Single,2,232.64
209,Doris Reynolds,36,Male,72797,17-11-2019,Canada,married,1,634.42
303,,69,Female,"$91,519",24-10-2017,Usa,Single,0,810.57
52,Michael Wilson,46,Female,,26-01-2022,Uk,Single,2,196.07
91,Cathy Fisher,,Male,"$65,693",03-02-2021,Uk,Single,0,136.37
355,Cynthia Williams,39,Male,,11-08-2020,Uk,married,3,165.01
633,Cameron Colon,,Male,"$74,792",30-12-2020,United Kingdom,Married,3,783.12
461,Tiffany Ramirez,,Male,59364,26-09-2015,Canada,single,1,189.6
23,Tanner Harrison,69,Female,30871,29-12-2024,India,married,0,172.77
375,Christy Smith,,Male,84962,08-01-2023,Uk,Single,1,434.65
547,Jeremy Austin,,Male,,17-07-2019,Uk,Married,2,970.71
440,Kristina Armstrong,40,Female,59732,08-07-2020,Usa,married,2,873.95
219,Jack Sharp,49,Male,62318,19-09-2020,Canada,Single,1,928.86
738,Barbara Lowery,,Male,57216,24-11-2016,United States,married,3,517.14
506,Michele Vang,,Female,"$59,342",21-08-2017,United Kingdom,single,3,996.85
606,Joshua Russell,46,Female,,01-08-2021,Usa,Single,1,504.54
802,Taylor Walsh,,Female,,16-02-2018,Usa,Married,2,296.45
949,Jordan Harris,39,Male,,27-07-2022,Canada,Single,1,182.63
684,Joshua Ramsey,54,Female,,28-04-2021,Canada,Married,2,828.97
206,Candice Peterson,,Male,"$83,375",18-04-2022,United Kingdom,Single,1,711.97
648,Christopher Hardy,26,Male,,07-07-2024,Canada,single,0,278.58
191,Jose Copeland,,Female,,22-12-2016,Usa,Single,3,402.12
362,Kathy Herring,,Female,,31-10-2022,United Kingdom,single,3,285.58
665,Jason Marshall,,Female,31302,22-12-2019,Uk,single,3,726.19
376,Sara Roberts,,Male,"$47,489",02-06-2017,Usa,married,3,409.79
632,Javier Contreras,32,Male,,24-02-2021,Canada,married,0,933.53
186,Rebecca Jackson,56,Female,"$57,140",21-03-2016,Canada,single,1,345.97
733,Andrea Bennett,69,Female,"$65,958",17-02-2016,Usa,Married,2,163.28
405,Kristin Byrd,38,Female,"$85,807",30-04-2015,United Kingdom,Single,2,468.77
195,Dr. Michael Williams,62,Male,36751,03-02-2020,Canada,Single,1,725.24
565,Karen Gilbert,,Male,,01-01-2021,Canada,single,0,310.48
402,Kevin Downs,,Female,,15-10-2024,Canada,single,2,953.04
531,April Benitez,,Male,57401,07-08-2024,India,Single,1,335.6
657,Anthony Moreno,49,Male,33336,07-07-2017,Usa,married,1,697.42
442,Adam Thomas,47,Female,"$58,236",18-08-2017,Canada,married,3,358.51
133,Melissa Lewis,21,Female,,04-11-2021,Canada,Married,0,839.01
234,Curtis Parsons,60,Male,,11-02-2020,Uk,Single,2,365.79
174,Taylor Joyce,,Female,69346,20-03-2022,Uk,Married,1,338.19
429,Cassie Sanders,,Female,49199,12-12-2015,Canada,Single,0,382.84
568,Jessica Fletcher,,Male,"$47,352",06-11-2022,India,single,1,157.93
851,Pamela Price,23,Male,"$37,421",10-07-2020,Uk,Single,2,167.51
759,David Dominguez,64,Male,"$59,019",15-04-2020,United States,married,0,838.37
627,Jessica Parker,70,Male,32193,28-01-2018,Canada,married,0,624.21
97,Paul Gomez,39,Female,,01-10-2016,India,single,1,581.22
782,Kimberly Jenkins,61,Female,82837,25-04-2022,Usa,Married,0,367.47
500,Jason Rivera,40,Male,61168,24-06-2020,United States,married,2,601.63
75,,25,Male,,12-10-2017,Uk,married,3,282.25
90,Cody Rodriguez,57,Female,67532,02-12-2017,Uk,single,3,307.53
610,Chad Carson,26,Male,74327,14-03-2025,Uk,married,2,253.77
1,Norma Fisher,35,Male,"$78,788",11-03-2022,Usa,married,2,653.31
393,Jennifer Stone,19,Male,"$67,355",27-12-2024,Uk,Married,3,840.57
477,Lindsey Daniel,66,Male,70515,28-01-2018,Canada,Married,2,814.92
800,Timothy King,,Male,87183,15-10-2017,India,married,1,152.59
520,John Strong,,Female,54578,10-10-2015,Canada,single,1,289.77
108,Steven Graham,37,Female,,23-10-2017,United Kingdom,Married,3,471.67
709,Brad Blair,48,Female,54073,21-01-2023,Uk,single,3,121.54
635,Cheryl Morris,,Female,83146,23-02-2022,United Kingdom,single,0,781.46
224,Jennifer Hall,,Female,,20-06-2023,United Kingdom,single,2,719.36
328,Derek Lewis,26,Female,83564,06-03-2016,India,married,0,750.16
103,Jonathan Vasquez Dvm,32,Male,80835,08-11-2022,Uk,married,1,628.03
705,William Medina,,Male,,03-05-2015,United Kingdom,Single,0,422.74
476,Cameron Morgan,61,Male,,13-12-2016,Canada,Married,1,723.48
214,Grace Mason,61,Female,,15-05-2024,Canada,single,3,760.73
136,Ryan Green,,Male,92211,20-02-2022,India,single,3,960.06
247,Anna Landry,60,Female,"$75,579",18-09-2017,United States,married,3,307.17
942,Jessica Padilla,38,Male,,01-08-2017,Canada,single,2,679.3
892,Carl Guerrero Ii,48,Female,"$91,488",03-05-2017,Canada,Single,0,330.03
620,Colleen Bradley,,Male,"$57,946",15-10-2015,India,single,2,283.89
816,Jesse Crawford,,Male,,20-06-2021,United Kingdom,Single,2,594.8
366,Dennis Gross,,Male,"$75,410",28-04-2018,Canada,Married,2,454.37
813,Jessica Torres,20,Male,,23-02-2017,United Kingdom,Married,0,679.26
27,Kimberly Taylor,31,Female,,17-04-2021,United States,married,3,130.86
643,James Hernandez,,Male,"$70,237",28-10-2020,United States,Single,2,489.54
418,Jason Owens,63,Male,"$83,694",23-07-2021,United Kingdom,Single,2,886.31
908,Howard Gregory,42,Female,,30-10-2021,United Kingdom,Married,2,984.01
922,Shannon Mathews,,Male,55361,11-05-2022,Uk,married,3,152.56
4,Benjamin Jefferson,,Male,"$65,537",01-12-2020,Canada,Married,3,954.21
135,Eric Benjamin Md,31,Male,"$97,431",19-09-2023,United States,married,1,791.53
356,Patricia Johnston,21,Female,,10-01-2020,United Kingdom,Married,0,256.02
878,Victor Alexander,37,Female,"$42,196",02-11-2023,India,Single,0,468.34
769,Kayla Herrera,32,Male,,16-06-2024,India,married,3,182.7
837,Anna Phillips,63,Female,"$64,498",26-07-2020,Canada,single,0,865.4
562,Ashley Wilson,60,Male,"$34,277",02-05-2020,Canada,Married,0,966.06
893,Cheryl Phillips,,Female,"$54,025",25-04-2020,Uk,married,1,794.8
226,,,Female,,01-07-2021,United States,Single,3,970.44
821,Elizabeth Medina,19,Female,"$91,551",23-05-2023,United Kingdom,married,3,533.72
370,James Hunter,42,Female,,27-02-2018,Uk,single,2,339.47
682,Wendy Petty,46,Male,"$37,589",08-06-2016,United States,single,3,429.11
340,Stacy Vega,34,Male,,31-03-2024,Uk,Married,1,771.31
420,Christine Patterson,,Female,38943,03-06-2023,Usa,Single,1,649.26
830,Kathryn Ayala,,Female,,30-05-2023,Canada,Married,1,770.27
239,Kathryn Tucker,46,Male,77810,01-05-2015,Usa,Married,0,498.87
455,,19,Male,,22-12-2021,United Kingdom,married,2,327.22
64,Faith Snyder,29,Female,"$60,092",30-03-2022,Canada,married,0,665.82
760,Joseph Smith,49,Female,57763,15-07-2017,Uk,single,1,346.63
361,Natalie Lowe,57,Female,72716,19-06-2017,India,married,1,129.32
238,James Price,41,Female,,05-12-2024,Usa,Married,3,458.38
113,Mark Black,,Male,,11-08-2024,Uk,Single,1,626.37
641,Mr. Anthony Whitehead Jr.,21,Male,"$96,925",31-12-2016,Usa,Single,3,344.33
533,Elizabeth Hernandez,23,Female,,20-07-2015,Uk,married,1,747.44
127,Dustin Fitzgerald,,Male,,03-08-2022,Usa,single,3,347.29
260,Sarah Peters,34,Female,58908,24-04-2015,Canada,Single,0,167.72
743,Nicholas Hamilton,,Female,,25-08-2024,Usa,single,1,650.39
762,Cody Morris,,Male,"$35,407",02-05-2020,United Kingdom,Single,2,102.05
138,Michael Torres,45,Male,,22-01-2025,Uk,Single,3,924.56
8,Amy Stark,,Male,97438,22-09-2017,Canada,single,3,854.22
503,Trevor Jackson,49,Male,48898,27-11-2019,Canada,married,0,151.11
832,Robert Carter,,Female,,23-07-2023,Uk,Married,0,196.97
763,Cassandra Gibson,,Male,,17-10-2019,India,single,1,993.95
852,Melissa Bennett,27,Female,83808,22-11-2018,Usa,married,2,536.65
408,Daniel Gardner,,Male,34871,16-01-2017,United Kingdom,married,1,386.94
693,Megan Richardson,23,Male,,25-10-2023,Canada,single,2,733.07
354,Rachel Davis Dvm,33,Male,68599,12-01-2024,Canada,Single,3,321.3
154,,,Female,"$38,502",13-05-2024,United Kingdom,Married,1,383.37
567,Richard Haynes,46,Male,"$95,759",14-12-2015,Uk,Married,1,188.83
543,James Castro,,Female,64218,31-01-2016,United States,married,1,901.18
344,James Allen,55,Male,,01-06-2019,Usa,married,0,517.55
888,Pamela Espinoza,38,Female,,23-11-2016,Uk,married,0,811.18
867,Gina Frank,25,Male,52880,25-11-2020,Usa,single,3,676.75
826,Jennifer Wyatt,,Female,,06-04-2021,United States,married,1,595.96
57,David Mueller,,Male,"$52,621",01-10-2021,United Kingdom,married,0,544.07
401,Nathan Kennedy,39,Male,,22-09-2022,United States,Single,3,929.25
573,Daniel Hamilton,21,Male,,27-08-2015,United Kingdom,married,2,753.54
474,Pamela Fuller,27,Male,,09-11-2019,Usa,Married,1,444.54
469,Joseph Taylor,,Male,,18-11-2024,United States,single,0,867.55
652,Amy Moses,,Male,92159,10-12-2020,United States,Single,3,387.59
670,Victoria Young,,Female,"$76,353",15-07-2022,Uk,single,0,360.18
505,,24,Male,37624,24-03-2016,Uk,Married,1,480.52
901,David Cole,,Male,"$61,473",24-09-2022,United States,married,2,521.6
650,Veronica Lewis,27,Male,96792,15-02-2019,Usa,married,2,858.58
932,Kevin Massey,25,Female,"$39,609",17-09-2017,Uk,single,3,998.33
301,Natalie Hodge,24,Female,,10-06-2016,United Kingdom,single,3,979.95
675,William Brown,25,Male,"$35,022",13-02-2018,Canada,single,0,917.93
666,Austin Bean,,Female,,15-10-2022,Uk,single,0,928.89
571,Stacey Edwards,,Female,"$92,524",27-09-2017,United States,Married,3,481.69
164,Kristina Jenkins,,Female,,20-04-2024,United States,married,1,887.4
337,Kenneth Alvarez,23,Male,,24-07-2021,Canada,Married,3,648.57
60,Kathy Santana,18,Male,,23-01-2025,Uk,single,2,838.24
822,Christine Roberts,,Male,33765,10-04-2021,India,Married,3,814.09
934,John Jackson,,Female,"$95,260",13-12-2016,Canada,Single,1,945.06
491,Joshua Whitaker,44,Female,80027,06-04-2018,Uk,single,0,232.97
788,Robert Gomez,,Female,"$33,736",05-01-2021,Usa,Single,0,457.4
450,Carolyn Gonzalez,,Female,"$43,358",11-12-2024,Uk,single,2,775.67
704,Lisa Gibson,,Male,95898,12-06-2022,Uk,single,3,510.02
438,Jaime Atkinson,18,Female,31902,03-09-2016,Uk,single,2,834.87
564,Brian Edwards,36,Female,"$78,504",14-01-2017,United Kingdom,Married,3,598.69
721,Dillon Hopkins,,Male,"$99,563",04-08-2015,India,Single,0,434.56
891,Elizabeth Franklin,58,Male,"$88,604",20-09-2023,United States,married,1,765.32
220,Dawn Tucker,59,Male,66787,12-03-2019,United States,Single,1,202.03
679,Christopher Marquez,64,Female,"$81,825",12-01-2018,United States,single,0,696.52
587,Deborah Landry,,Female,74036,17-02-2022,Uk,Married,2,925.66
283,Brian Joseph,26,Female,"$81,039",12-03-2021,India,Married,1,995.43
349,Donald Harris,21,Male,,15-01-2016,India,Single,2,414.61
687,Justin Johnson,,Male,,15-01-2020,United States,Married,2,998.76
5,Eugene Bowman,38,Male,,02-06-2023,India,married,2,386.85
402,Kevin Downs,,Female,,15-10-2024,Canada,single,2,953.04
464,Brent Kramer,20,Male,,04-10-2023,United States,single,1,676.15
777,Michael Watson,69,Female,"$31,226",27-02-2017,India,Single,0,122.03
683,,32,Male,"$51,160",16-12-2016,Uk,single,1,627.02
880,Amanda Stafford,,Male,"$77,587",17-02-2022,Uk,single,1,863.74
518,Kayla Chavez,69,Female,43110,29-01-2021,United States,Married,2,592.82
574,Todd Lewis,43,Female,"$45,336",26-12-2017,India,single,3,265.53
794,Jill Bryant,,Male,61268,17-08-2022,Canada,married,0,382.85
894,Cindy Gregory,70,Male,,15-02-2018,Usa,Married,3,345.61
535,Austin Frank,25,Male,"$97,246",17-01-2016,Canada,married,1,737.68
904,Alicia Russell,,Male,,27-11-2020,Canada,Single,3,202.64
277,Zachary Austin,68,Male,"$89,508",02-01-2025,India,Married,1,347.76
285,Carrie Allen Md,,Female,,01-11-2015,Uk,single,3,507.13
471,Brian Byrd,,Male,74397,07-07-2020,India,Single,1,468.88
427,Gerald White,,Male,"$88,505",04-10-2023,India,Married,3,846.04
282,Robert Parker,,Male,"$40,727",25-11-2015,India,Single,1,254.44
121,,,Female,61350,03-10-2016,Usa,married,2,844.45
594,Carrie Nolan,,Male,,24-04-2020,United States,single,0,596.59
544,Jose Tucker,66,Male,52718,19-08-2016,India,Married,2,769.47
14,Kelly Boyd,,Female,"$81,416",01-03-2025,United Kingdom,Single,2,755.07
656,Bryan Moore,,Male,,09-07-2023,Uk,Married,2,159.06
456,Michael James,28,Male,38416,13-11-2022,Canada,Married,1,464.04
585,Mary Giles,33,Male,50051,30-07-2020,Uk,single,3,315.99
785,Rachel Diaz,,Female,47259,02-05-2015,Canada,Married,0,519.36
161,Dustin Patterson,59,Male,78944,09-04-2024,Uk,married,2,753.54
838,Krista Glenn,,Male,"$50,079",14-05-2023,Canada,Single,0,754.67
623,Stephanie Price,,Female,,12-06-2021,Usa,single,0,867.45
716,Deborah Smith,,Female,"$44,365",30-09-2019,Canada,married,1,511.14
745,Kelsey Craig,,Male,71538,29-12-2016,Canada,Single,3,978.24
196,Heather Martin,,Male,33044,25-06-2021,Canada,married,3,578.79
192,,,Male,,04-12-2017,Uk,married,0,575.98
629,Mrs. Donna Lopez Md,,Female,"$68,131",12-08-2021,United States,Single,2,821.05
537,Robert Jackson,54,Female,,01-10-2015,India,Married,1,296.06
881,Maria Strong Dds,51,Male,,27-02-2016,United Kingdom,married,3,423.94
165,Mrs. Cheyenne Gomez,,Female,"$87,879",04-10-2023,United States,Single,0,792.63
107,Brian Murray,32,Male,,01-11-2021,Uk,Married,3,484.06
17,Faith Cabrera,67,Male,"$83,331",05-01-2017,United Kingdom,Married,0,927.44
576,Kathleen Collins,43,Male,69414,05-10-2023,Uk,single,2,210.46
926,Isabel Mitchell,68,Female,42265,04-08-2020,Canada,Married,0,332.35
713,David Thomas,,Male,,29-12-2018,Usa,married,0,707.03
541,Catherine Le,,Male,"$62,752",29-03-2016,Canada,Single,1,212.48
330,Abigail Hoover,57,Female,"$60,563",13-05-2016,Usa,single,3,641.91
481,Ashley Gray,33,Female,,12-03-2023,Uk,Married,2,814.98
499,Amy Fields,27,Female,"$74,213",31-12-2022,India,Married,0,216.54
164,Kristina Jenkins,,Female,,20-04-2024,United States,married,1,887.4
406,George Bradford,37,Female,,02-09-2021,Usa,married,2,468.89
744,Megan Edwards Md,,Male,,28-07-2023,India,single,2,901.15
94,Lori Gardner,,Male,56571,08-07-2022,Usa,married,0,188.33
434,Aaron Weber,,Female,97119,17-04-2023,United States,married,0,436.19
84,Kevin Moore,22,Female,84694,07-06-2017,India,Single,0,283.95
844,Brian Harris,67,Female,,08-05-2018,United Kingdom,married,3,842.61
915,Daniel Cook,,Male,52081,21-03-2021,Uk,married,2,385.79
658,Mary Jones,,Male,,07-09-2022,Canada,single,1,783.49
415,Charlotte Walker,39,Male,"$70,272",21-10-2020,United Kingdom,Single,2,511.38
663,Jessica Carter,,Male,83300,10-10-2021,Usa,Single,3,475.36
440,Kristina Armstrong,40,Female,59732,08-07-2020,Usa,married,2,873.95
772,Kim Craig,69,Male,,19-04-2020,United States,Single,2,300.86
729,Kevin Harris,,Female,,24-11-2023,Canada,single,2,479.61
912,Scott Conner,,Female,,16-12-2016,India,Married,3,654.39
808,Andrew Perez,50,Male,"$46,804",06-09-2020,Canada,single,2,504
323,Adrian Rowe,36,Female,84863,07-11-2021,United States,single,1,670.17
557,Heather Anderson,48,Female,"$92,092",15-02-2022,Usa,single,0,605.67
358,Eric Navarro Iii,,Male,"$51,859",15-08-2017,Canada,single,0,655.69
70,Tracy Reeves,59,Female,"$35,403",23-11-2021,United States,Single,2,178.78
515,Allen Trevino,,Male,,31-05-2020,United States,single,2,614.28
510,Michael Jackson,31,Female,42357,02-11-2016,Canada,Single,0,403.15
341,Tanya Whitaker,,Female,,04-03-2025,Uk,married,3,691.57
222,Matthew Kim,42,Female,92160,11-03-2022,Uk,Married,2,212.79
929,Jessica Hill,63,Female,80162,25-04-2021,Uk,Single,2,751.56
147,Robert Oconnor,,Female,,28-10-2016,Canada,single,0,132.66
290,Karen Johnson,18,Male,,18-07-2020,Uk,single,2,576.66
30,Jamie Hutchinson,,Male,"$76,565",22-02-2022,Canada,Single,0,181
115,Matthew Taylor,,Female,"$54,250",15-10-2024,Uk,single,2,679.25
509,Ryan Davis,59,Male,42050,05-07-2018,Usa,married,0,657.14
811,Regina Gonzales,45,Male,51427,02-11-2023,Uk,Married,0,571.71
256,Marc Martin,33,Female,"$56,187",29-06-2018,Usa,Single,0,393.37
177,Angela Thompson,,Female,,24-09-2018,United States,married,2,974.88
169,Ann Johnson,22,Male,80915,25-07-2019,United Kingdom,single,1,802.71
348,Lisa Mckinney,,Female,,02-07-2024,India,Single,3,634.25
377,Jacqueline Howell,,Male,98196,21-10-2016,India,Single,3,894.01
765,Mark Leach,62,Male,46770,14-02-2020,Canada,single,1,431.14
872,Erin Miller,,Female,89488,19-12-2015,Canada,married,1,928.3
890,Jeffery Rojas,30,Male,"$46,904",17-05-2015,Usa,Single,1,237.86
773,Nancy Jarvis,67,Female,97584,04-07-2018,Canada,Single,3,436.31
190,Melissa Alvarez,58,Female,"$97,179",20-02-2022,Uk,married,2,800.22
137,Anthony Johnson,19,Male,95153,22-02-2019,Usa,single,1,774
447,Crystal Johnson,,Female,,09-06-2024,Canada,married,1,218.54
840,James Church,,Female,"$47,982",22-09-2017,Canada,Married,2,447.45
255,Joseph Nunez,24,Male,99213,09-12-2017,India,single,3,162.73
882,Tammy Bender,,Female,30743,09-04-2025,Uk,married,2,837.69
291,Toni Smith,50,Female,64906,02-06-2017,United Kingdom,Single,3,322.34
942,Jessica Padilla,38,Male,,01-08-2017,Canada,single,2,679.3
350,Craig Guerra,,Female,"$79,489",12-10-2024,Uk,Married,0,680.62
233,Eric Henderson,,Female,"$98,004",10-10-2017,United Kingdom,married,3,591.76
646,Jerry David,27,Female,,04-10-2019,India,Married,1,742.75
34,Bianca Smith,,Male,,28-05-2022,Uk,Single,0,482.99
89,Nicholas Flores,,Female,,24-04-2023,Usa,Single,1,312.33
45,Brian Hoffman,55,Male,"$53,239",14-05-2023,Canada,married,1,840.84
342,Michelle Lutz,,Male,"$49,920",02-04-2018,Uk,Married,2,630.17
62,Linda Petersen,,Female,"$77,759",04-07-2023,Uk,Single,0,711.81
549,Dennis Rodriguez,40,Female,"$41,145",05-04-2019,India,Married,3,859.15
200,Helen Robinson,50,Male,,10-02-2022,Uk,married,3,464.08
430,Steven Rodriguez,37,Male,,11-02-2020,Usa,married,1,301.81
748,Jonathan Williams,,Female,99820,19-07-2023,Uk,married,3,346.4
395,Charles Johnson,,Male,,29-11-2022,United Kingdom,Married,2,181.98
731,Maria Rodriguez,35,Female,75556,02-12-2021,United Kingdom,Married,2,837.48
298,Christy Ferguson,,Male,"$42,467",10-09-2023,Uk,Single,2,722.67
74,Crystal Frank,23,Male,70475,18-03-2024,Canada,married,3,671.18
394,Tammy Evans Md,,Male,"$66,049",21-11-2019,Usa,married,3,806.78
548,Maxwell Benson,64,Male,,03-09-2023,Canada,married,1,472.22
580,Elijah Carter,,Female,30870,05-03-2024,Uk,married,1,707.54
542,Vanessa Mathews,24,Female,63460,23-01-2018,India,single,0,436.81
855,Michelle Boone,31,Male,54641,02-10-2021,United Kingdom,Married,0,431.24
834,Jeremy Montgomery,66,Male,33875,12-04-2022,Canada,single,2,833.85
841,Christopher Johnson,,Male,,27-03-2017,Usa,Single,1,239.6
664,Elizabeth Lee,,Female,,20-05-2024,United Kingdom,single,3,468.59
218,Michael Mendez,39,Male,"$33,338",30-11-2015,United Kingdom,single,0,261.51
540,Christy Gonzalez,33,Female,"$43,033",30-11-2020,Canada,Single,0,805.01
829,Logan Brady,68,Female,"$44,964",20-11-2020,Usa,single,2,322.9
624,Kyle Sandoval,,Female,"$76,707",22-09-2017,India,Single,0,405.17
669,John Farley,,Female,59667,14-11-2017,Canada,single,1,356.87
825,Lori Edwards,,Female,58707,10-03-2023,India,married,3,470.85
422,Andrew Reed,,Male,,02-04-2019,Canada,married,0,854.49
695,William Gordon,,Female,,29-04-2019,Uk,Married,0,246.55
139,Brittany Johnson,,Female,,25-01-2016,Uk,single,1,476.54
213,Stephen Fitzgerald,,Male,,03-10-2019,Usa,Single,3,906.18
617,Vickie Noble,,Male,,04-05-2016,Canada,Single,3,202.18
843,Brad Wilson,26,Male,"$71,426",14-05-2018,Uk,single,0,474.09
839,Mark Cole,,Male,76199,23-05-2019,United States,single,3,998.44
867,Gina Frank,25,Male,52880,25-11-2020,Usa,single,3,676.75
728,Ann Huber,,Male,60769,18-04-2016,Canada,married,0,761.44
663,Jessica Carter,,Male,83300,10-10-2021,Usa,Single,3,475.36
702,Justin Chandler Md,,Female,83832,18-05-2015,United Kingdom,single,1,131.54
727,Bill Reed,,Male,"$40,377",17-07-2016,Uk,Married,0,126.29
918,Theresa Williams,,Female,"$98,357",21-12-2020,Canada,married,1,269.15
717,Neil Fuller,,Female,83311,22-05-2024,United Kingdom,married,0,744.16
235,Barbara Kelly,59,Male,47228,25-04-2023,United Kingdom,single,2,426.57
68,Kyle Anderson,,Female,67572,03-02-2017,India,single,0,540.18
25,Alexis Maldonado,23,Female,37094,18-05-2021,Canada,Single,1,704.23
382,Charles Armstrong,45,Female,71740,15-04-2017,India,single,3,720.9
217,Madison Pollard,,Female,"$60,974",12-02-2017,Canada,Single,0,884.97
736,Christopher Hayes,,Male,,13-03-2023,Canada,married,0,192.46
130,Garrett Brooks,66,Male,"$89,054",07-03-2020,India,Single,1,156.41
350,Craig Guerra,,Female,"$79,489",12-10-2024,Uk,Married,0,680.62
112,Lisa Bush,21,Female,"$38,461",20-04-2022,Canada,married,3,952.67
167,Miguel Shields,,Female,91570,03-07-2018,Usa,married,2,418.74
208,Tyler Thompson,53,Male,31824,25-03-2025,Uk,Married,2,946.27
439,Monica Tran,,Male,"$97,984",17-08-2021,India,married,2,378.7
553,Stephanie Garcia,58,Male,"$65,681",10-05-2018,United States,Single,0,584.97
275,Luis Walsh,,Male,,25-04-2016,United Kingdom,married,2,987.66
605,Andrew Ferguson,,Female,62562,21-08-2016,Usa,Married,2,234.74
592,Dustin Alvarez,40,Female,"$64,612",14-06-2020,Uk,Single,0,551.74
801,Matthew Roberson,,Female,"$35,660",27-11-2024,Canada,Single,1,209.03
938,Janet Phillips,23,Female,"$46,789",13-05-2023,Uk,Married,1,857.05
526,Tammy Jenkins,,Female,,22-07-2019,Uk,single,1,197.21
288,Jennifer Aguilar,,Female,92617,13-05-2024,Canada,Married,1,851.36
470,Eric Mora,,Male,,29-11-2020,Canada,married,2,770.05
327,Todd Martinez,55,Male,,26-10-2016,Usa,single,3,668.01
122,Ronald Moore,,Female,,07-12-2018,United States,Single,1,146.67
848,Mr. Matthew Larson,63,Female,36211,05-08-2020,Canada,single,2,785.02
508,Kelly Lawson,66,Female,,04-12-2016,Uk,Single,2,614.46
229,Ian Davis,19,Female,,12-04-2025,Canada,Single,0,570.48
674,Heather Irwin,34,Male,32664,19-08-2020,India,Single,1,373.6
596,Maria George,,Female,91442,26-10-2020,United Kingdom,married,3,146
446,Patricia Bernard,,Female,"$57,576",25-11-2021,Canada,married,0,853.94
118,Sergio Reed,20,Male,,30-07-2019,Uk,Married,3,557.3
465,Shannon Hendrix,,Female,"$78,486",06-08-2019,United States,Married,1,887.29
26,Matthew Hernandez,,Male,"$91,301",03-02-2023,Uk,married,1,209.7
111,Mark Pitts,,Male,55730,27-06-2021,India,Single,1,475.87
150,Vanessa Mejia,51,Male,"$68,057",14-12-2015,Canada,Single,1,620.16
153,Jasmin Flowers,63,Female,"$36,009",06-12-2024,Canada,Single,0,457.97
529,Benjamin Banks,60,Male,,10-09-2018,Usa,single,1,225.56
697,Blake Hall,,Female,91648,23-01-2022,Canada,Married,0,400.73
622,Lisa Anderson,56,Male,64896,13-02-2025,Usa,Married,0,140.17
462,Hannah Ruiz,,Female,"$43,136",14-11-2022,United States,single,3,774.38
599,Barry Olson,28,Male,,29-03-2019,Canada,married,3,666.5
140,Tony Murphy,,Male,94354,12-08-2017,India,Single,3,533.49
750,Laura Pearson,,Female,,23-07-2023,Uk,married,2,281.51
261,Jeremy Craig,,Female,81594,26-02-2017,United States,Married,3,810.22
629,Mrs. Donna Lopez Md,,Female,"$68,131",12-08-2021,United States,Single,2,821.05
324,Karen Johnson,,Female,"$66,757",21-12-2021,India,single,3,217.93
898,Lawrence Franklin,48,Male,64371,08-02-2018,Uk,married,3,290.16
249,Barbara Garcia,18,Female,,18-05-2023,Uk,single,2,886.57
451,Meghan Scott,,Male,31977,01-01-2018,United Kingdom,Married,1,704.07
411,Alexis Martinez,39,Male,,16-10-2021,United States,Married,3,959.77
608,Randy Peterson,,Male,,07-07-2021,India,single,1,258.54
20,Wesley Robbins,,Male,94329,19-11-2018,United States,single,0,366.05
329,Margaret Moore,70,Male,"$80,255",04-08-2017,United States,married,3,471.92
297,Rachel Boone,,Male,"$96,160",26-02-2018,Uk,single,2,109.98
270,John Rodriguez,67,Male,64400,28-11-2022,Uk,Single,0,348.21
227,Lee Rangel,67,Male,59038,21-06-2016,Canada,Single,1,996.47
95,Olivia Hall,42,Male,"$51,017",10-05-2017,India,Single,1,577.1
516,Lawrence Burns,29,Male,97047,28-10-2020,United Kingdom,Single,0,478.08
842,Carlos Mccarthy,,Male,,01-12-2015,Usa,Single,1,712.81
638,Matthew Beltran,68,Male,,15-09-2022,Canada,Single,3,650.04
281,Cindy Clayton,,Female,,23-04-2015,Uk,married,0,252.27
287,Michael Atkinson,,Female,,03-02-2024,Usa,Single,3,562.58
590,Julie Alvarez,,Male,91690,27-03-2018,Canada,Single,0,173.44
931,Ellen Wilson,,Female,,11-07-2022,Usa,married,0,416.58
445,Brianna King,,Female,,11-07-2018,Uk,married,1,421.45
185,Cheryl Gutierrez,36,Female,,06-08-2020,Canada,single,0,675.43
372,John Lee,62,Male,,16-08-2018,United Kingdom,married,1,309.79
873,Shirley Turner,,Male,"$94,468",30-01-2024,Uk,married,2,565.84
10,Michelle Kelley,,Male,98567,29-06-2024,Usa,Single,1,406.37
276,Alexis Odonnell,,Male,,04-09-2015,United Kingdom,Single,3,432.47
807,Leslie Ruiz,38,Female,"$68,756",17-08-2018,India,married,0,329.42
936,Lauren Frederick,33,Female,,03-05-2023,Canada,single,0,290.3
183,James Cox,31,Male,"$64,183",10-09-2020,Canada,Single,3,972.14
33,Eric Owens Phd,,Male,40569,20-09-2016,United Kingdom,Single,0,208.71
81,Tasha Hall,,Male,82857,19-03-2017,United Kingdom,single,1,385.91
308,Jose Hicks,,Female,,25-05-2023,Uk,Married,0,926.01
771,Alicia Pearson,65,Male,35855,20-03-2022,India,single,0,593.18
12,Roberto Johnson,,Female,63268,30-10-2016,United Kingdom,married,2,892.09
44,Elizabeth Vincent,,Female,"$39,982",28-02-2022,Uk,married,0,600.31
87,Timothy Garza,,Male,"$70,780",10-07-2019,Uk,Single,0,699.1
779,Derek Hernandez,32,Female,,21-11-2016,Canada,single,3,432.42
37,Alison Sloan,,Male,69077,29-02-2024,Uk,Married,3,681.48
702,Justin Chandler Md,,Female,83832,18-05-2015,United Kingdom,single,1,131.54
59,Adrian Anthony,45,Female,70172,31-10-2017,Canada,married,1,833.39
42,Gina Oliver,65,Male,"$97,692",04-11-2017,United States,Single,2,897.74
783,William Dalton,29,Male,47161,07-07-2020,United States,Married,1,291.09
412,James Ford,59,Female,38677,28-10-2024,India,married,2,819.09
563,Jessica Hernandez,,Female,50506,22-05-2018,Uk,Married,3,841.38
210,Carlos Austin,,Male,"$33,812",10-02-2025,Uk,married,0,399.88
149,Robert Blackburn,47,Female,,21-07-2015,India,Single,2,674.14
740,,62,Male,"$30,305",14-10-2018,Uk,single,2,105.77
595,David Levy,,Male,,26-03-2017,Usa,single,2,945.15
124,Seth Michael,,Female,"$75,846",11-10-2024,United States,Single,3,985.95
735,Christopher Murray,,Female,"$61,804",28-05-2020,Uk,Married,3,894.87
575,William Lozano,39,Female,,04-08-2021,Usa,Married,0,114.69
99,Dylan Meyer,42,Female,,04-05-2024,Uk,Married,2,712.81
378,Cynthia Smith,,Female,"$45,909",07-08-2021,United States,Married,2,922.5
131,Alan Wagner,,Female,79473,05-07-2017,United Kingdom,single,3,454.22
700,Amanda Garcia,21,Male,44011,30-07-2020,Usa,married,1,798.01
24,Brooke Martin,46,Male,"$86,684",23-04-2024,Canada,Married,1,564.8
870,Stephen Johnson,,Female,87896,11-07-2020,Canada,married,2,554.6
556,Heather Adams,31,Female,"$57,626",21-01-2017,United States,Married,2,705.73
371,Brandon Gray,37,Male,99244,30-03-2024,United Kingdom,Single,2,539.38
513,William Castro,64,Female,,14-09-2017,United States,single,1,824.22
384,Melanie Holland,,Male,88938,07-01-2017,India,married,3,783.72
202,James Brewer,30,Male,,22-06-2016,Uk,Married,3,180.75
369,Laura Perry,64,Female,"$89,268",11-04-2023,Uk,single,3,689.57
555,Thomas Nielsen,,Female,,05-06-2023,Uk,married,3,658.46
611,Lisa Jensen,,Female,,06-04-2023,India,Married,2,333.57
388,Megan Wiggins,,Female,51000,05-12-2017,Uk,Single,2,884.02
862,Troy Young,20,Female,65116,24-07-2024,Uk,Single,1,459.34
817,April Newman,53,Male,"$55,909",23-06-2017,Usa,Married,1,889.9
293,Sarah Howard,,Male,43080,15-11-2017,Usa,Single,1,504.89
691,Melissa Mitchell,,Male,78251,01-08-2018,Canada,Married,2,627.98
257,Christopher Williams Dvm,,Female,"$77,346",18-11-2020,Canada,Married,1,474.03
607,,57,Female,"$51,878",22-06-2015,United States,married,0,405.7
198,Mrs. Samantha Hicks Md,,Male,,16-03-2017,United States,married,1,621
96,Michael Smith,18,Male,,29-01-2022,Uk,single,0,575.82
708,Amy Holland,,Male,"$96,728",15-04-2025,Uk,Single,3,970.03
944,Craig Jones,31,Male,"$80,613",25-01-2016,Canada,Married,0,486.99
170,Reginald Garrett,,Female,54826,21-03-2023,Usa,married,2,912.93
582,Valerie Mccarty,67,Female,"$60,872",29-12-2022,Uk,Married,3,639.94
306,John Phillips,,Male,97998,28-03-2021,United Kingdom,single,1,899.24
561,William Gutierrez,46,Male,,23-06-2019,Canada,Married,2,944.53
854,Kyle Orozco,50,Female,"$81,271",10-12-2019,Uk,single,1,540.13
374,William Kramer,,Female,,22-11-2015,United States,Single,0,528.02
720,Barbara Sanford,39,Female,32589,23-10-2024,United Kingdom,single,3,428.19
792,Ricardo Hines,,Male,31871,01-02-2021,Uk,Single,1,275.1
228,Troy Hawkins,35,Male,98612,17-03-2019,Usa,Single,0,489.26
661,John Bryant,31,Female,"$30,330",13-12-2020,India,Married,2,696.27
144,James Smith,,Female,"$37,944",26-08-2017,United States,Married,1,130.04
847,April Cummings,41,Male,81040,12-01-2018,Uk,Married,1,440.02
181,Brandy Ingram,22,Male,,18-07-2024,Canada,Married,0,838.52
869,Anna Burgess,,Female,,13-05-2024,Uk,Married,2,731.84
132,Brittney Thompson,,Female,,08-08-2016,United Kingdom,Married,1,805.38
950,Terri Russell,,Female,,10-12-2023,Canada,Single,2,244.59
48,Amy Smith,,Male,"$55,374",07-10-2024,Uk,Single,0,593.11
775,Katelyn Turner,21,Male,,27-08-2016,Uk,Single,0,109.51
325,Courtney Clark,,Male,"$33,312",22-07-2017,Canada,Single,2,372.96
204,Sharon Myers,,Female,87415,24-05-2024,Canada,Single,1,831.28
85,Cynthia White,69,Male,,02-02-2016,United States,Single,3,942.93
634,Tamara Anthony,26,Male,,01-02-2017,India,Married,3,133.46
566,Mark Powell,,Female,,02-02-2021,United States,married,1,763.51
612,James Ward,,Female,"$91,768",09-05-2018,Uk,Single,3,617.89
399,Michael Valencia,,Female,,31-10-2015,Uk,married,0,942.29
897,Nathaniel Wilson,34,Male,57960,28-06-2020,Usa,Married,1,807.09
92,Brenda Ford,,Male,85357,25-04-2020,Uk,married,2,267.05
83,Edward Giles,,Female,"$70,619",17-09-2024,United Kingdom,married,0,379.8
431,Andrew Wilkins,31,Male,78456,26-04-2016,United States,Married,3,627.08
780,Michael Brewer,,Female,"$88,715",10-05-2021,Usa,married,0,235.85
120,Joel Hardy,,Female,,13-09-2023,Usa,Single,3,457.65
871,Roy Woods,38,Female,"$95,864",13-12-2019,Usa,Single,0,318.06
292,Kathryn Adams,,Male,59836,17-04-2016,Usa,married,3,717.91
58,Bradley Melton,40,Female,,09-07-2017,United States,single,3,400.37
322,Richard Reid,27,Male,,28-07-2016,Uk,Single,2,161.3
258,Thomas Marquez,30,Male,"$58,158",08-09-2022,United Kingdom,married,2,328.31
889,Garrett Williams,62,Male,"$82,123",25-08-2019,United Kingdom,Married,2,196.17
948,Steven Simmons,69,Male,,24-05-2019,United States,Single,2,678.92
443,Morgan Estrada,21,Female,,27-09-2019,Usa,Single,3,355.58
43,Mrs. Jennifer Kelley,,Female,"$45,185",17-04-2020,Usa,Single,3,186.95
618,Erica Gordon,,Male,,03-01-2018,Uk,Single,0,862.95
389,Derrick Mcdonald,52,Female,,09-09-2019,Usa,single,1,538.81
336,Crystal Shaw,,Female,"$33,674",07-01-2024,United Kingdom,married,3,809.66
274,Danielle Soto,30,Male,,18-10-2019,United Kingdom,married,1,116.67
757,Scott Barnes,38,Female,,12-07-2019,Usa,Married,3,547.76
489,Curtis Jensen,,Female,61747,25-08-2020,Uk,Single,3,250.35
551,William Ortega,69,Female,,12-03-2021,Canada,single,0,215.41
902,Elizabeth Wallace,21,Female,82080,06-02-2017,Uk,Married,2,320.41
54,Ashley Carlson,,Female,67963,08-08-2023,United States,single,3,689.8
933,Taylor Jenkins,,Male,,06-12-2020,Canada,Married,1,677.43
937,Mark Schmitt,,Female,30204,17-03-2017,United Kingdom,Single,2,466.41
129,Michele Guerrero,,Female,,12-02-2024,Canada,single,3,308.44
803,Marc Long,,Male,43401,26-05-2018,Canada,Single,0,741.37
29,Angela Wheeler,,Female,,05-02-2019,United States,married,2,243.44
184,,,Male,35483,06-06-2017,India,Married,1,367.4
883,Arthur Williams,21,Male,73291,02-12-2017,India,Single,0,376.57
460,Mr. Travis Harris Iii,40,Male,"$46,289",01-09-2015,Usa,Single,2,973.07
511,Antonio Cooper,65,Male,,11-07-2019,Canada,Single,2,947.67
676,Shannon Black,,Male,68427,17-03-2024,United Kingdom,married,1,403.48
152,Amanda Becker,27,Male,"$49,578",15-03-2025,Usa,Married,0,985.46
245,Janet Aguirre,55,Female,"$85,573",19-09-2022,India,married,0,177.82
715,Amy Hopkins,,Female,96275,10-03-2019,India,Married,1,306.33
544,Jose Tucker,66,Male,52718,19-08-2016,India,Married,2,769.47
545,Christopher Johnson,28,Female,67757,28-03-2017,Canada,Single,3,188.08
640,Lisa Rosales,,Female,,19-12-2023,Uk,married,1,700.85
698,Michelle Snow,,Female,,14-12-2024,India,Married,3,723.26
266,Brandon Gutierrez,18,Female,,28-12-2024,United Kingdom,Single,1,972.14
289,Michelle Henderson,,Female,"$99,422",09-03-2018,United Kingdom,single,3,567.85
424,Jessica Novak,62,Male,99104,10-04-2025,Canada,married,3,586.5
911,Angela Collins,60,Male,44325,09-10-2023,Canada,Single,1,139.99
148,Michael Ellis,20,Male,58221,23-01-2018,Uk,single,2,382.94
660,Mary Moore Dds,,Female,"$55,121",08-07-2020,Canada,married,1,791.17
798,Christopher Fisher,,Female,,03-01-2021,Canada,Married,1,886.96
637,Audrey Clark,23,Female,,20-01-2017,Uk,Married,1,275.63
178,Dawn Green,,Female,,08-12-2022,Canada,married,2,899
100,Tyler Stephens,,Female,,17-08-2021,Uk,Married,1,919.33
851,Pamela Price,23,Male,"$37,421",10-07-2020,Uk,Single,2,167.51
449,Debra Rios,43,Male,97072,01-08-2021,Uk,Single,1,894.95
432,Michelle Carter,,Male,,17-08-2024,Uk,Single,1,219.27
848,Mr. Matthew Larson,63,Female,36211,05-08-2020,Canada,single,2,785.02
710,Karen White,45,Male,"$63,447",16-04-2021,Uk,single,1,245.39
756,Adrienne Frost,,Male,"$67,387",15-11-2016,Canada,married,0,313.54
116,Jody Morgan,,Male,77651,17-10-2020,Canada,Single,3,884.39
917,Connie Garcia,,Male,,03-12-2022,Uk,Married,2,711.99
778,William Kline,,Male,"$69,861",05-11-2021,United Kingdom,married,0,689.59
73,Amanda Scott,27,Male,"$76,354",11-01-2025,Canada,single,3,326.13
846,Derrick Sims,,Male,,22-07-2017,Canada,single,2,215.24
538,Tammy Cain,38,Female,"$59,306",27-06-2019,United States,single,3,859.53
678,Charlene Stevens,,Male,"$88,543",01-05-2021,Usa,Single,2,109.12
850,Edward Cooper,22,Female,"$81,215",27-02-2023,Canada,married,2,674.95
574,Todd Lewis,43,Female,"$45,336",26-12-2017,India,single,3,265.53
175,Eric Brown,,Female,"$73,286",08-06-2017,United Kingdom,single,3,189.99
88,Jacob Rush,55,Male,,12-06-2015,United Kingdom,single,1,447.75
552,Kimberly Cohen,,Female,50915,20-09-2018,Usa,Married,1,597.19
487,Richard Turner,19,Male,,04-04-2016,India,married,3,461.65
706,Nathan Sutton,50,Female,"$90,486",28-06-2016,United Kingdom,Married,0,987.71
315,Christopher Barrett,,Male,"$95,893",27-02-2019,Uk,Single,1,966.7
397,Debra Franco,,Male,,01-09-2018,Usa,Married,3,610.17
601,Sherry Baldwin,,Male,,14-06-2019,Uk,Single,3,434.81
473,Derek Tucker,,Female,,09-08-2022,Uk,single,2,633.01
71,Shelia Becker,,Male,,09-07-2018,United Kingdom,Single,1,814.42
600,Joseph Ramos,,Male,"$98,675",10-01-2016,United Kingdom,Married,1,932.79
805,Alicia Cole,,Female,,27-09-2022,Uk,Single,3,833.56
755,Brian Henderson Dds,,Male,43962,18-07-2021,Canada,married,1,178.54
278,Benjamin Duarte,45,Female,,22-11-2015,United Kingdom,married,3,283.83
724,Leslie Daugherty,,Female,,06-08-2017,Canada,single,3,428.85
10,Michelle Kelley,,Male,98567,29-06-2024,Usa,Single,1,406.37
360,Melissa Phelps,48,Male,,28-09-2017,India,single,0,417.11
708,Amy Holland,,Male,"$96,728",15-04-2025,Uk,Single,3,970.03
764,Steven Mathews,67,Female,,19-02-2016,Uk,Married,1,401.36
836,Alison Peck,,Female,98522,03-10-2020,United States,single,1,545.25
193,Donna Johnson,34,Female,,17-08-2024,United States,married,3,807
630,Kyle Warren,,Male,54068,13-10-2024,Uk,married,0,744.08
560,Mark Silva,30,Female,80979,31-10-2015,Uk,single,1,682.62
685,Stephanie Brown,42,Female,65892,16-06-2022,Usa,Single,3,742.32
